GPU 1 UTIL,GPU 1 SCLK,GPU 1 MCLK,GPU 1 TEMP,GPU 1 Hotspot,GPU 1 PWR,GPU VRAM 1 UTIL,FPS,CPU UTIL,RAM UTIL,CPU FREQUENCY,CPU VOLTAGE,CPU TEMPERATURE,CPU POWER
63.54,1467.44,1676.31,68.52,81.54,196.94,2876.79,78.14,3.52,10.35,3.25,1.34,74.06,36.42
2,23,712,58,60,31,1038,N/A,0.00,9.21,1.456,1.286,59.680,10.820
0,4,262,58,60,30,1038,N/A,1.67,9.22,1.872,1.297,60.276,13.049
0,8,150,57,60,27,1038,N/A,2.03,9.22,1.894,1.308,59.556,12.845
8,50,294,57,60,24,1038,N/A,2.10,9.22,2.311,1.327,61.726,18.266
5,36,192,57,59,26,1038,N/A,0.00,9.23,2.605,1.314,62.035,14.926
2,22,514,57,59,24,1038,N/A,5.87,9.21,1.902,1.297,59.767,10.905
8,62,380,56,59,26,1039,N/A,4.51,9.29,3.790,1.359,79.834,21.887
1,14,838,57,60,47,1038,N/A,3.28,9.27,4.519,1.288,78.085,46.699
0,5,758,57,60,32,1038,N/A,0.00,9.26,4.124,1.361,82.216,44.970
2,16,238,57,59,34,1038,N/A,3.84,9.28,3.709,1.395,76.193,31.301
14,208,982,56,59,32,1038,N/A,3.49,9.29,3.721,1.378,77.486,29.901
1,10,224,56,59,29,1038,N/A,2.70,9.29,2.244,1.336,68.255,17.576
0,6,224,56,59,30,1038,N/A,1.84,9.27,3.111,1.351,72.801,20.304
6,38,148,56,58,29,1038,N/A,5.47,9.28,2.760,1.358,76.436,22.405
0,8,352,56,59,32,1038,N/A,4.70,9.28,4.097,1.372,79.261,23.772
2,17,820,56,59,33,1038,N/A,5.94,9.27,3.441,1.391,74.224,24.936
1,10,192,56,58,30,1038,N/A,1.39,9.28,4.092,1.397,73.647,22.923
2,16,206,56,58,30,1038,N/A,5.08,9.28,3.371,1.368,68.528,18.721
1,9,950,55,58,31,1038,N/A,2.23,9.28,3.734,1.398,72.521,20.772
3,23,536,56,58,34,1038,N/A,1.51,9.28,2.204,1.321,62.264,13.732
0,8,304,56,59,32,1038,N/A,0.00,9.28,1.493,1.284,59.048,8.459
0,6,218,55,58,29,1038,N/A,5.35,9.27,1.638,1.295,59.039,11.114
1,11,644,55,58,29,1038,N/A,14.51,9.27,4.819,1.373,78.278,20.534
0,7,194,55,57,29,1038,N/A,32.51,9.27,5.214,1.298,93.749,23.035
0,8,248,55,58,31,1038,N/A,77.26,9.27,4.910,1.156,87.754,58.366
0,8,248,55,58,31,1038,N/A,77.26,9.27,4.910,1.156,87.754,58.366
6,48,582,55,58,33,1038,N/A,25.57,9.27,4.910,1.156,87.754,58.366
1,13,358,55,58,34,1038,N/A,1.24,9.27,2.781,1.252,70.158,28.891
0,5,242,55,58,33,1038,N/A,2.99,9.34,1.368,1.280,59.280,8.831
3,23,208,55,57,30,1038,N/A,2.64,9.31,3.357,1.283,69.681,36.734
0,7,952,55,58,33,1038,N/A,0.35,9.31,4.623,1.357,82.923,46.656
3,23,208,55,57,31,1038,N/A,3.65,9.32,3.461,1.398,74.261,30.745
13,205,704,55,58,32,1038,N/A,3.68,9.32,3.266,1.379,74.786,29.005
4,28,192,54,57,28,1038,N/A,3.44,9.33,2.975,1.317,63.504,15.145
1,10,208,55,57,31,1038,N/A,2.07,9.32,2.634,1.356,71.516,21.423
0,6,192,55,57,28,1038,N/A,3.98,9.33,2.912,1.366,75.719,21.741
1,11,192,55,57,28,1038,N/A,3.96,9.32,3.479,1.375,77.489,24.544
6,39,192,54,57,27,1038,N/A,2.48,9.33,2.776,1.393,73.083,24.238
3,22,192,54,57,28,1038,N/A,4.27,9.33,4.333,1.392,71.956,23.484
0,8,192,54,57,28,1038,N/A,6.72,9.33,3.110,1.355,67.774,17.292
3,24,192,54,56,29,1038,N/A,1.10,9.33,3.012,1.388,71.374,20.391
1,9,192,54,57,28,1038,N/A,1.46,9.33,2.052,1.312,60.718,12.675
4,29,192,54,56,28,1038,N/A,0.00,9.33,1.312,1.274,59.000,8.996
1,9,192,54,56,26,1038,N/A,5.80,9.32,1.627,1.289,59.000,9.982
15,84,440,54,56,29,1038,N/A,13.08,9.33,4.735,1.366,76.325,19.741
4,27,744,54,56,28,1038,N/A,29.79,9.32,5.223,1.303,93.000,22.331
1,9,530,54,57,29,1038,N/A,64.66,9.32,5.007,1.200,91.297,56.432
2,18,192,54,56,26,1062,N/A,39.28,9.56,5.007,1.200,91.297,56.432
7,86,702,54,56,32,1220,61.000,7.76,9.56,3.634,1.233,73.274,35.005
7,86,702,54,56,32,1220,61.000,7.76,9.56,3.634,1.233,73.274,35.005
1,16,1986,55,58,55,1220,60.000,6.34,9.56,4.153,1.384,76.648,34.807
1,20,1870,54,58,50,1220,60.000,7.58,9.56,3.517,1.390,73.907,21.082
2,28,1390,54,58,48,1220,60.000,3.88,9.56,4.175,1.389,71.161,17.245
0,6,1324,54,57,40,1221,11.000,7.24,9.69,4.517,1.368,78.951,21.163
0,6,1324,54,57,40,1221,11.000,7.24,9.69,4.517,1.368,78.951,21.163
0,5,1198,54,57,42,1221,11.000,6.68,9.75,4.260,1.356,90.316,20.233
0,5,1030,53,57,40,1221,1.000,5.45,9.81,5.285,1.348,91.551,20.469
0,10,1500,54,57,43,1221,14.000,6.86,9.88,4.047,1.354,89.916,20.513
0,7,1564,54,57,42,1245,16.000,6.39,9.98,4.514,1.360,88.739,20.123
9,181,1334,54,57,42,1405,16.000,1.54,9.99,4.889,1.358,86.579,20.617
7,178,1342,54,57,44,1564,16.000,1.50,10.00,2.845,1.371,73.302,18.065
8,134,1336,54,57,48,1713,16.000,1.56,10.01,3.758,1.379,75.117,19.237
8,117,1338,54,57,43,1875,16.000,2.32,10.03,2.656,1.372,72.731,17.791
7,131,1570,53,57,47,2021,16.000,0.00,10.05,3.205,1.362,76.164,17.487
6,114,1336,54,57,45,2166,0.000,1.45,10.06,2.932,1.371,73.404,17.970
2,39,1338,54,56,44,2310,0.000,5.11,10.06,3.367,1.378,73.357,19.421
10,200,1330,54,57,46,2440,0.000,4.19,10.08,3.693,1.371,71.775,18.560
9,223,1332,53,56,44,2569,0.000,4.38,10.10,4.136,1.378,73.397,19.143
11,214,1340,53,56,44,2708,0.000,3.79,10.13,4.140,1.380,72.746,18.888
12,282,1334,53,56,45,2823,0.000,5.51,10.16,3.963,1.376,72.961,18.998
11,236,1336,53,56,47,2965,0.000,4.39,10.19,3.959,1.377,71.697,18.484
4,77,716,53,56,40,2979,25.000,4.03,10.26,3.697,1.380,73.265,18.764
0,11,1494,53,56,46,2984,21.000,6.75,10.30,4.750,1.364,81.452,30.858
0,11,1056,53,56,43,3001,27.000,6.04,10.38,3.498,1.357,84.630,25.778
0,9,1640,53,57,48,3006,28.000,7.45,10.49,3.650,1.364,80.012,33.807
2,19,1158,53,56,44,3013,29.000,3.20,10.57,3.675,1.371,82.267,27.612
3,72,1422,53,56,45,3018,26.000,5.13,10.67,3.799,1.371,80.038,26.134
0,7,986,53,56,44,3024,30.000,5.31,10.74,3.923,1.369,82.482,24.204
0,6,1418,53,56,45,3025,30.000,4.96,10.85,4.277,1.374,82.513,29.241
0,5,1416,53,56,44,3025,20.000,8.30,10.95,4.283,1.387,80.416,22.042
0,8,1002,53,56,46,3030,28.000,7.98,11.04,3.685,1.387,81.397,20.212
0,0,1340,52,56,39,3032,29.000,7.50,11.19,3.363,1.389,79.501,20.118
0,1,1338,52,56,41,3032,4.000,4.61,11.36,4.291,1.385,82.795,20.152
42,1107,1974,52,56,50,3411,7.000,5.19,11.24,4.119,1.386,82.582,19.831
0,0,1360,52,55,36,3435,3.000,6.87,11.30,3.647,1.366,71.617,18.588
6,51,1088,52,55,37,4036,19.000,5.42,11.22,3.648,1.365,72.677,17.744
1,14,1282,52,55,32,4036,2.000,4.12,11.22,3.938,1.373,77.707,22.037
0,6,1356,52,55,38,4052,21.000,1.39,11.22,3.174,1.367,82.338,21.504
1,20,1396,52,55,39,4052,21.000,1.37,11.22,2.288,1.383,71.831,29.854
0,7,1334,52,55,39,4052,21.000,0.00,11.23,2.060,1.386,72.544,29.667
5,70,1332,52,55,42,4060,21.000,2.30,11.24,2.144,1.384,72.858,29.592
0,4,1336,52,55,40,4123,2.000,4.99,11.28,2.511,1.379,76.148,29.870
98,2234,1988,62,81,280,4145,99.000,2.80,11.28,3.757,1.373,77.846,24.983
98,2222,1988,63,83,280,4155,98.000,0.00,11.28,3.046,1.369,67.148,37.790
99,2218,1988,64,85,281,4160,97.000,3.96,11.28,2.835,1.363,67.401,37.981
99,2214,1988,65,86,281,4168,95.000,4.93,11.28,2.731,1.365,66.986,36.776
98,2223,1988,65,85,281,4172,93.000,0.44,11.28,2.910,1.369,67.747,37.852
98,2220,1990,66,85,280,4175,91.000,3.09,11.27,3.054,1.367,67.878,38.060
98,2208,1988,65,85,280,4178,89.000,3.17,11.28,2.822,1.362,66.997,35.908
98,2211,1988,66,85,280,4178,88.000,1.00,11.28,2.617,1.362,66.052,34.587
99,2204,1988,66,86,281,4179,87.000,2.33,11.28,2.883,1.362,67.138,35.827
99,2203,1990,66,86,281,4181,88.000,3.94,11.28,2.529,1.354,65.763,33.693
98,2211,1988,66,86,280,4182,89.000,1.64,11.28,2.856,1.361,66.847,35.755
99,2204,1990,66,86,281,4183,88.000,0.32,11.21,2.635,1.358,66.358,35.294
99,2206,1990,67,86,281,4183,89.000,2.80,11.21,2.943,1.358,67.105,35.634
99,2209,1990,66,86,281,4185,83.000,3.18,11.21,2.720,1.360,66.465,35.710
99,2186,1988,66,88,281,4188,78.000,2.85,11.21,2.687,1.357,66.675,35.400
99,2176,1988,67,87,280,4189,76.000,0.68,11.21,2.373,1.354,65.143,32.895
98,2180,1988,67,88,280,4190,75.000,2.48,11.21,2.901,1.359,66.805,35.290
99,2172,1988,67,88,280,4190,74.000,2.48,11.22,2.440,1.343,65.280,32.555
99,2184,1988,67,89,280,4190,73.000,0.43,11.22,2.796,1.356,66.588,35.002
99,2173,1988,68,88,281,4190,71.000,3.02,11.22,2.408,1.347,64.928,32.604
99,2168,1990,68,88,281,4191,71.000,2.60,11.22,2.878,1.352,66.419,34.153
99,2176,1988,68,88,280,4192,71.000,2.51,11.22,2.557,1.345,64.734,31.322
99,2167,1988,68,89,281,4192,72.000,0.00,11.22,2.671,1.351,66.152,34.236
99,2219,1988,68,86,280,4198,75.000,2.88,11.22,2.495,1.348,65.010,32.257
99,2219,1988,68,86,280,4204,84.000,3.32,11.22,3.304,1.363,69.077,38.819
99,2221,1988,69,86,280,4205,84.000,2.29,11.22,3.795,1.368,73.979,45.939
99,2217,1988,68,86,280,4205,84.000,3.78,11.22,3.726,1.366,75.184,47.025
99,2216,1988,68,87,280,4205,84.000,4.26,11.22,3.804,1.364,74.727,45.721
99,2212,1990,68,87,281,4205,84.000,1.41,11.22,3.873,1.365,75.322,47.282
99,2216,1988,68,87,281,4205,84.000,4.96,11.22,3.815,1.362,74.961,45.909
99,2216,1990,68,88,280,4207,84.000,4.14,11.22,4.017,1.365,75.344,46.929
99,2219,1988,68,86,280,4210,80.000,3.52,11.22,3.924,1.364,74.923,46.222
99,2179,1990,68,88,281,4211,73.000,3.26,11.22,4.005,1.363,75.578,47.678
99,2189,1988,68,87,280,4212,73.000,5.71,11.22,3.811,1.356,74.464,44.839
99,2191,1988,69,89,280,4214,73.000,4.99,11.22,3.915,1.356,75.708,46.356
99,2185,1988,69,88,281,4215,73.000,1.12,11.22,3.722,1.357,74.306,45.123
99,2192,1990,69,88,281,4216,73.000,5.04,11.22,3.983,1.359,75.479,48.066
99,2203,1988,69,87,280,4218,62.000,4.53,11.22,3.859,1.352,75.671,47.405
84,2130,1988,68,88,279,4218,47.000,3.98,11.22,3.999,1.358,75.980,47.709
93,2239,1988,70,89,283,4219,47.000,3.63,11.22,4.049,1.368,77.582,51.064
94,2261,1988,69,89,283,4220,47.000,3.37,11.22,4.178,1.359,77.780,51.161
95,2242,1988,69,88,282,4220,47.000,2.35,11.22,3.946,1.363,77.302,50.183
94,2233,1986,69,89,282,4220,47.000,3.32,11.22,4.158,1.366,77.637,51.358
93,2199,1988,70,90,282,4220,47.000,4.66,11.22,4.130,1.364,76.989,50.079
95,2232,1988,69,87,282,4220,48.000,0.00,11.22,4.252,1.365,77.603,50.858
99,2255,1990,70,88,282,4221,49.000,3.64,11.22,3.982,1.363,76.926,49.685
95,2208,1988,70,89,280,4221,48.000,2.88,11.22,4.352,1.361,77.634,50.958
99,2243,1988,70,88,281,4223,48.000,1.67,11.22,4.103,1.365,77.211,50.180
97,2256,1988,70,89,280,4223,47.000,1.86,11.22,4.199,1.367,78.134,51.076
97,2245,1990,70,90,280,4223,47.000,3.76,11.22,4.092,1.367,77.627,50.104
99,2244,1988,70,89,282,4223,47.000,1.02,11.22,4.175,1.363,77.819,50.818
96,2260,1988,71,88,280,4223,47.000,4.55,11.22,3.892,1.367,77.609,50.402
78,2097,1986,70,90,279,4223,47.000,3.33,11.22,3.947,1.364,78.047,51.350
88,2146,1984,71,88,278,4223,47.000,0.23,11.22,3.757,1.366,77.025,50.630
98,2249,1990,69,90,281,4223,48.000,4.26,11.22,3.975,1.360,77.833,50.449
99,2234,1988,71,89,281,4223,48.000,4.23,11.22,3.837,1.364,77.617,50.652
98,2236,1988,70,90,280,4223,55.000,4.05,11.22,3.946,1.361,78.460,51.392
99,2260,1992,71,89,280,4223,75.000,1.61,11.22,3.805,1.363,77.581,49.624
99,2249,1988,70,88,280,4225,74.000,3.52,11.22,3.888,1.358,79.043,50.345
99,2243,1988,71,88,281,4225,74.000,3.71,11.22,3.879,1.357,78.878,49.257
99,2237,1988,70,90,281,4225,73.000,0.42,11.22,4.040,1.356,79.529,50.051
99,2235,1988,70,88,282,4227,72.000,4.07,11.22,3.794,1.359,78.554,48.860
98,2237,1990,71,88,280,4228,71.000,2.14,11.22,3.982,1.357,79.642,49.886
95,2209,1988,70,89,282,4228,67.000,3.40,11.22,3.701,1.356,78.064,47.523
93,2164,1986,71,89,282,4229,65.000,3.78,11.21,4.147,1.357,78.410,49.235
96,2231,1988,72,88,279,4229,64.000,0.00,11.22,3.994,1.354,77.940,48.321
89,2120,1988,72,89,279,4229,63.000,3.94,11.22,4.109,1.356,78.195,48.865
97,2232,1988,71,89,282,4229,63.000,3.69,11.22,4.095,1.359,78.340,48.640
99,2225,1988,71,89,281,4229,62.000,2.71,11.22,3.999,1.355,78.246,48.763
99,2172,1990,71,92,280,4233,59.000,3.08,11.22,4.143,1.359,78.636,48.698
99,2184,1988,72,90,281,4233,58.000,1.94,11.22,3.459,1.356,73.796,41.836
99,2168,1988,72,92,281,4236,57.000,0.78,11.22,3.135,1.359,71.234,38.390
99,2168,1988,72,92,281,4236,57.000,0.78,11.22,3.135,1.359,71.234,38.390
99,2171,1988,72,92,281,4237,58.000,4.42,11.22,3.422,1.359,72.500,39.943
99,2171,1988,72,92,281,4237,58.000,4.42,11.22,3.422,1.359,72.500,39.943
99,2189,1988,73,91,280,4237,57.000,2.08,11.21,3.687,1.363,75.427,43.071
99,2196,1988,72,92,280,4237,57.000,4.81,11.22,3.426,1.356,73.921,41.025
99,2172,1990,72,91,281,4237,57.000,5.08,11.21,3.728,1.361,75.370,43.962
99,2188,1988,72,91,279,4237,57.000,2.73,11.22,3.978,1.356,76.166,44.155
99,2191,1992,72,91,280,4237,57.000,6.57,11.22,4.288,1.352,77.781,45.504
97,2217,1988,72,93,282,4237,55.000,4.50,11.22,4.269,1.353,77.856,45.522
93,2094,1988,73,93,278,4238,65.000,3.12,11.22,4.346,1.347,78.721,45.669
91,2173,1988,72,93,281,4239,66.000,4.80,11.22,4.214,1.355,77.105,47.222
92,2167,1988,72,93,281,4239,63.000,6.93,11.22,4.433,1.351,77.262,47.926
90,2116,1986,72,94,283,4239,61.000,4.41,11.23,4.532,1.355,77.483,47.985
88,2139,1988,72,93,282,4239,58.000,1.14,11.23,4.396,1.355,78.192,48.353
86,2086,1986,72,93,280,4239,56.000,3.80,11.23,4.257,1.358,77.980,48.090
64,1659,1984,73,90,269,4242,55.000,4.48,11.22,4.571,1.354,78.625,47.864
82,1850,1986,72,93,268,4242,54.000,1.37,11.23,4.322,1.354,78.157,47.268
64,1738,1982,72,88,256,4243,53.000,5.26,11.23,4.283,1.355,78.880,47.451
77,1920,1986,71,88,258,4243,53.000,4.53,11.23,4.218,1.353,78.305,46.834
77,1944,1986,71,88,253,4243,53.000,1.30,11.23,4.269,1.355,78.697,47.915
70,1826,1982,71,85,229,4245,49.000,5.45,11.23,4.429,1.355,78.291,47.436
47,1409,1994,69,81,200,4247,35.000,4.76,11.23,4.220,1.358,77.645,48.131
49,1358,1980,68,80,195,4247,34.000,3.14,11.23,4.510,1.366,76.540,48.475
59,1580,1984,68,80,189,4248,34.000,2.45,11.23,4.437,1.362,76.978,48.571
62,1668,1982,68,78,192,4250,36.000,3.25,11.23,4.119,1.372,76.940,48.117
62,1668,1982,68,78,192,4250,36.000,3.52,11.23,4.229,1.369,75.778,46.878
40,1249,1996,67,80,187,4250,36.000,0.40,11.23,4.263,1.378,76.073,47.398
47,1451,1984,67,79,184,4250,37.000,3.53,11.23,4.263,1.372,75.956,46.771
58,1587,1982,67,77,179,4251,36.000,3.57,11.23,4.090,1.375,75.690,46.957
42,1324,1990,67,79,176,4251,36.000,0.11,11.23,4.119,1.370,75.717,46.775
35,1170,1978,66,78,173,4252,40.000,3.25,11.23,3.999,1.376,75.935,46.971
52,1490,1994,67,81,195,4252,63.000,4.85,11.23,4.270,1.371,75.746,46.653
38,1248,1982,68,83,198,4252,63.000,0.00,11.23,4.282,1.370,75.496,45.909
60,1602,1980,68,79,200,4252,64.000,4.62,11.23,4.405,1.375,76.469,46.599
72,1856,1984,68,82,203,4252,60.000,5.05,11.23,4.214,1.369,75.754,45.276
73,1879,1986,68,81,199,4252,61.000,4.34,11.23,4.344,1.374,76.228,46.116
63,1657,1994,68,82,198,4252,59.000,4.10,11.23,4.376,1.371,76.017,45.397
53,1388,1976,67,79,191,4252,57.000,4.45,11.18,4.419,1.372,76.111,44.635
36,1170,1974,68,80,184,4255,56.000,5.36,11.19,4.429,1.368,77.072,45.417
73,1899,2000,68,83,218,4255,55.000,3.80,11.18,4.324,1.363,76.668,48.274
76,1903,1984,68,85,215,4255,53.000,4.16,11.18,4.637,1.345,78.756,51.994
36,1200,1986,68,81,205,4255,53.000,7.56,11.19,4.473,1.345,78.601,51.398
35,1178,1986,69,81,204,4255,54.000,6.40,11.18,4.519,1.347,78.647,51.082
71,1831,1984,68,83,211,4255,52.000,1.32,11.19,4.644,1.347,78.494,50.324
44,1272,1980,68,80,200,4255,51.000,5.65,11.18,4.360,1.349,78.577,50.251
74,1898,1986,68,82,211,4255,51.000,3.78,11.19,4.438,1.351,77.683,49.234
53,1544,1990,68,80,201,4255,51.000,3.25,11.18,4.424,1.354,78.113,48.969
54,1493,1982,69,82,212,4256,61.000,4.23,11.18,4.581,1.345,77.894,50.716
99,2187,1990,71,90,280,4256,98.000,4.50,11.18,4.425,1.345,78.263,51.605
99,2208,1988,73,92,281,4256,119.000,1.80,11.18,3.541,1.360,74.836,46.975
98,2216,1990,73,92,281,4256,106.000,3.45,11.18,3.912,1.368,74.902,47.141
99,2196,1988,73,92,280,4257,90.000,4.72,11.18,3.297,1.366,73.078,44.131
99,2187,1990,72,91,281,4257,84.000,0.84,11.18,4.263,1.359,77.744,50.466
99,2184,1988,73,92,280,4257,83.000,4.99,11.18,4.064,1.360,77.401,49.016
99,2184,1988,73,92,280,4257,96.000,3.04,11.18,4.059,1.362,76.704,47.290
98,2180,1988,73,92,280,4257,100.000,0.01,11.18,3.705,1.362,76.761,48.054
99,2202,1990,73,92,281,4257,101.000,3.28,11.18,3.948,1.367,76.053,48.311
99,2201,1988,73,92,281,4257,101.000,4.78,11.18,3.741,1.361,76.140,48.827
98,2200,1988,73,90,280,4257,100.000,1.81,11.18,4.014,1.361,76.855,50.016
99,2201,1990,73,91,280,4257,99.000,2.74,11.18,3.919,1.359,76.878,49.227
99,2206,1988,73,93,281,4257,99.000,4.37,11.18,4.012,1.363,76.946,49.788
99,2197,1988,73,91,281,4257,103.000,3.37,11.18,3.710,1.360,76.161,48.946
99,2206,1990,74,91,281,4257,103.000,0.85,11.18,3.972,1.359,76.848,49.957
99,2207,1988,74,93,281,4257,104.000,5.48,11.18,3.792,1.360,76.281,49.674
99,2209,1988,73,93,280,4257,98.000,3.58,11.18,4.004,1.361,76.811,50.161
99,2246,1988,73,92,280,4258,90.000,0.36,11.18,4.095,1.358,77.676,50.904
89,2158,1986,73,91,280,4258,94.000,2.46,11.18,4.359,1.353,79.539,51.594
79,2039,1984,73,93,280,4258,94.000,3.92,11.18,3.820,1.360,78.533,50.978
89,2190,1986,73,94,281,4258,96.000,2.06,11.18,3.805,1.358,78.811,51.344
99,2236,1988,73,92,281,4259,88.000,4.03,11.18,3.846,1.357,78.117,50.589
99,2257,1990,73,91,281,4259,91.000,3.86,11.18,3.911,1.357,78.994,50.672
97,2260,1988,73,92,281,4259,92.000,3.73,11.18,3.957,1.355,78.848,51.325
96,2234,1988,74,91,280,4259,93.000,1.41,11.18,3.921,1.354,79.270,51.477
99,2258,1988,74,92,281,4259,95.000,4.83,11.18,4.044,1.354,79.489,51.108
99,2242,1990,73,91,280,4259,94.000,1.62,11.18,4.012,1.353,79.472,52.491
99,2208,1988,74,91,280,4260,97.000,3.61,11.18,3.754,1.353,78.733,50.689
99,2192,1988,74,92,281,4260,97.000,3.73,11.18,3.927,1.351,78.510,51.737
99,2188,1988,74,92,280,4260,85.000,4.01,11.17,3.768,1.353,78.288,51.640
99,2190,1988,74,92,280,4260,80.000,0.58,11.18,3.641,1.355,77.627,48.702
99,2185,1990,74,92,281,4260,78.000,3.38,11.17,3.478,1.352,75.765,45.751
99,2198,1990,74,93,280,4261,78.000,2.03,11.18,3.582,1.357,76.628,47.555
99,2198,1990,74,92,280,4261,79.000,3.04,11.17,3.327,1.353,75.972,46.037
98,2219,1988,74,95,280,4262,65.000,3.67,11.18,3.739,1.358,77.096,47.542
98,2218,1988,73,92,281,4262,55.000,3.34,11.17,3.585,1.360,77.020,49.178
99,2237,1988,74,92,281,4262,59.000,1.76,11.18,4.052,1.354,78.672,51.981
99,2204,1988,74,94,281,4262,63.000,4.49,11.17,3.956,1.356,78.236,52.169
98,2207,1988,74,93,280,4262,62.000,3.78,11.18,4.182,1.355,79.099,53.405
99,2200,1988,74,92,280,4262,61.000,0.58,11.17,4.033,1.356,78.425,52.019
96,2214,1988,74,93,281,4262,61.000,2.79,11.18,4.094,1.355,79.306,53.421
96,2219,1988,74,93,280,4262,61.000,4.47,11.17,3.965,1.356,78.563,51.799
86,2125,1986,74,92,280,4262,63.000,0.61,11.18,4.132,1.356,78.379,52.757
80,2051,1984,74,94,281,4262,62.000,5.62,11.17,3.966,1.357,77.601,51.674
91,2188,1988,74,93,280,4262,63.000,4.92,11.18,4.088,1.357,78.273,51.959
96,2200,1988,74,93,280,4262,63.000,5.84,11.17,3.969,1.357,77.489,50.387
95,2179,1990,74,93,280,4262,64.000,2.43,11.18,4.227,1.357,78.545,51.710
78,1911,1978,74,96,277,4263,56.000,5.64,11.17,3.971,1.357,77.540,51.006
78,2018,1982,74,94,270,4263,55.000,5.53,11.18,4.293,1.358,77.775,51.688
78,2018,1982,74,94,270,4263,61.000,2.97,11.17,4.233,1.358,77.232,50.055
70,1838,1990,73,89,254,4263,68.000,5.35,11.17,4.458,1.358,77.652,52.042
75,1896,1978,73,89,258,4263,68.000,5.09,11.18,4.414,1.358,77.705,52.189
70,1824,1976,73,88,245,4263,91.000,2.31,11.18,4.521,1.357,78.332,53.331
70,1824,1976,73,88,245,4263,91.000,2.31,11.18,4.521,1.357,78.332,53.331
84,2092,1984,73,90,270,4263,111.000,5.02,11.18,4.430,1.356,78.002,52.467
78,1951,1984,74,92,273,4263,110.000,3.58,11.17,4.540,1.355,78.837,52.819
94,2196,1988,74,95,287,4264,59.000,2.51,11.18,4.224,1.355,78.003,52.465
98,2153,1988,75,94,280,4264,57.000,0.56,11.18,3.463,1.346,73.858,40.228
99,2131,1988,75,95,282,4264,58.000,3.90,11.17,3.039,1.343,71.473,38.319
99,2136,1988,74,94,281,4264,59.000,3.51,11.18,3.431,1.347,72.388,39.857
99,2140,1988,75,95,280,4264,60.000,2.95,11.17,3.231,1.348,71.702,40.045
99,2141,1990,75,94,281,4264,61.000,0.10,11.18,3.584,1.341,72.682,40.024
99,2141,1990,75,96,281,4264,62.000,3.64,11.17,3.213,1.350,72.107,40.701
99,2157,1988,75,95,281,4265,63.000,3.60,11.18,3.720,1.348,73.676,42.605
99,2142,1990,74,95,282,4266,64.000,1.08,11.17,3.501,1.345,72.724,41.242
99,2148,1988,75,93,282,4268,65.000,3.96,11.18,3.573,1.360,74.018,43.914
99,2156,1988,75,95,280,4268,66.000,3.59,11.17,3.557,1.353,73.672,43.232
99,2159,1990,76,95,280,4268,69.000,0.84,11.18,3.830,1.352,74.654,44.305
99,2171,1988,75,94,281,4268,62.000,3.69,11.17,3.543,1.353,74.240,44.206
99,2190,1988,75,95,280,4268,56.000,5.44,11.18,3.829,1.359,76.244,49.331
99,2181,1988,76,94,280,4269,56.000,2.46,11.17,4.053,1.359,76.989,50.627
99,2194,1988,75,94,281,4269,56.000,3.17,11.18,4.168,1.357,78.103,51.983
98,2199,1988,76,95,281,4269,54.000,4.51,11.17,4.076,1.357,78.200,51.663
97,2190,1988,75,95,281,4269,54.000,3.11,11.17,4.114,1.356,78.547,51.396
95,2197,1990,75,96,281,4269,53.000,1.17,11.17,4.130,1.357,78.419,51.051
88,2056,1980,75,96,280,4269,53.000,4.92,11.17,4.234,1.356,78.708,51.813
96,2176,1988,76,95,280,4270,52.000,4.57,11.17,4.180,1.357,78.528,51.774
98,2179,1990,75,95,280,4270,54.000,2.78,11.17,4.066,1.356,78.934,51.662
98,2186,1988,76,95,280,4270,56.000,5.09,11.17,4.294,1.355,79.389,53.164
98,2164,1988,76,95,280,4270,55.000,3.39,11.17,4.160,1.354,79.546,53.924
99,2166,1988,75,94,282,4270,56.000,1.61,11.17,4.177,1.355,79.800,53.127
87,2136,1986,75,97,279,4270,58.000,4.46,11.17,4.348,1.354,79.920,53.865
78,1980,1992,74,90,256,4270,60.000,0.80,11.17,4.286,1.355,79.709,52.495
63,1682,1980,74,90,239,4270,60.000,3.84,11.17,4.112,1.358,77.575,50.434
54,1564,1980,73,89,234,4270,60.000,5.04,11.17,4.208,1.358,77.964,50.208
58,1628,1982,72,88,230,4270,58.000,4.10,11.17,4.116,1.358,77.483,49.881
70,1946,1994,74,89,246,4270,57.000,1.90,11.17,4.087,1.359,77.361,49.298
72,1874,1984,73,88,242,4270,54.000,4.22,11.17,4.179,1.358,77.762,50.010
54,1586,1988,74,88,240,4270,54.000,1.69,11.17,4.132,1.356,78.201,51.214
56,1679,1988,73,90,237,4270,54.000,5.18,11.17,4.033,1.357,78.140,51.084
58,1598,1982,73,88,235,4270,52.000,5.78,11.17,4.268,1.357,77.742,51.069
52,1533,1986,74,92,239,4270,49.000,2.38,11.17,4.143,1.356,77.333,50.962
64,1754,1982,74,92,256,4270,49.000,5.99,11.17,4.223,1.358,77.327,49.802
98,2223,1990,75,94,280,4270,75.000,5.39,11.17,3.990,1.357,77.565,50.103
99,2218,1988,75,93,280,4270,80.000,1.57,11.16,4.137,1.355,78.022,48.938
99,2213,1988,76,94,280,4270,80.000,3.82,11.17,3.887,1.360,76.646,48.017
99,2215,1990,76,95,281,4270,78.000,4.02,11.17,4.104,1.355,77.527,48.199
99,2214,1990,76,95,281,4270,72.000,4.39,11.17,3.912,1.361,77.205,48.546
76,1943,1986,75,93,269,4270,58.000,0.72,11.17,4.346,1.363,78.888,49.005
72,1864,1988,75,89,250,4270,52.000,3.56,11.17,4.202,1.348,79.734,49.343
46,1388,1982,73,88,229,4274,47.000,3.56,11.17,4.173,1.344,80.665,49.879
71,1940,1996,73,90,231,4274,46.000,4.47,11.17,4.175,1.341,79.724,48.329
48,1475,1988,73,86,220,4274,45.000,1.82,11.17,4.114,1.340,80.457,49.069
82,2091,1986,72,87,226,4274,44.000,3.41,11.17,4.101,1.344,79.794,47.563
99,2198,1988,74,95,281,4274,63.000,1.87,11.17,4.051,1.341,80.227,47.656
99,2194,1988,75,96,281,4275,65.000,3.41,11.17,4.017,1.355,78.825,48.785
99,2198,1990,75,95,281,4275,64.000,2.12,11.17,4.294,1.353,79.615,50.279
99,2204,1988,75,95,281,4275,62.000,1.33,11.17,4.381,1.351,79.184,49.062
98,2213,1988,76,95,280,4275,59.000,2.83,11.17,4.259,1.351,79.411,49.184
98,2214,1988,75,94,281,4275,60.000,4.42,11.17,4.230,1.356,78.844,48.568
99,2206,1988,75,94,281,4275,61.000,5.24,11.17,4.041,1.348,79.533,49.634
99,2213,1988,75,95,282,4275,61.000,1.19,11.17,4.144,1.346,80.123,49.848
93,2162,1988,76,93,279,4275,59.000,3.69,11.17,4.110,1.348,80.349,50.224
87,2140,1986,75,93,280,4275,57.000,5.06,11.17,4.094,1.349,80.388,50.253
84,2116,1984,76,93,278,4276,54.000,1.56,11.17,4.266,1.346,80.975,50.209
66,1865,1990,76,92,266,4276,52.000,2.55,11.17,3.855,1.346,80.116,49.246
67,1840,1984,74,92,255,4276,50.000,3.43,11.17,4.036,1.350,80.782,49.842
66,1808,1984,75,91,256,4276,49.000,3.22,11.17,3.871,1.347,80.218,49.099
69,1870,1984,74,88,245,4276,47.000,1.57,11.17,4.100,1.346,81.007,48.782
58,1723,1982,74,88,244,4276,46.000,4.27,11.17,3.890,1.349,80.231,48.477
63,1941,1994,73,89,243,4276,45.000,5.57,11.16,3.882,1.347,80.724,48.301
66,1893,1992,73,89,237,4283,44.000,1.97,11.17,4.139,1.347,81.238,48.458
40,1441,1990,73,88,232,4283,44.000,3.39,11.17,3.985,1.346,81.048,48.718
40,1441,1990,73,88,232,4284,43.000,3.88,11.17,4.146,1.346,80.451,47.386
46,1343,1984,73,87,227,4286,43.000,2.34,11.17,3.965,1.346,80.336,47.597
42,1311,1982,73,86,227,4286,42.000,2.64,11.17,4.121,1.348,79.964,47.382
34,1254,1988,73,87,227,4286,42.000,4.71,11.17,3.750,1.347,79.838,47.905
72,1824,1988,73,86,230,4287,42.000,4.46,11.17,4.027,1.345,79.598,46.873
52,1684,1986,73,86,230,4287,43.000,1.75,11.17,3.816,1.344,80.320,47.257
53,1797,1986,72,88,234,4287,42.000,3.18,11.17,4.060,1.345,80.271,47.302
72,2025,1990,72,88,235,4287,42.000,3.17,11.17,3.984,1.345,80.491,47.525
39,1415,1990,73,85,226,4287,42.000,1.11,11.17,3.735,1.348,79.267,46.945
53,1685,1990,73,88,230,4287,42.000,3.23,11.17,4.158,1.348,80.015,47.548
63,1773,1984,73,86,228,4146,42.000,4.71,10.91,3.955,1.349,79.117,47.029
2,22,1986,66,70,65,3863,42.000,5.93,10.45,3.856,1.362,80.780,38.234
17,1510,364,65,67,40,2672,42.000,1.78,9.82,3.855,1.387,77.286,22.069
37,1558,236,64,66,36,1038,N/A,5.48,9.26,4.185,1.367,70.500,18.882
5,164,1992,64,67,51,1219,63.000,6.63,9.49,3.622,1.376,75.972,28.301
1,22,850,64,68,60,1219,60.000,6.82,9.49,4.123,1.369,80.043,35.892
1,28,1542,64,67,55,1219,60.000,3.77,9.48,3.914,1.391,76.911,23.382
0,14,1850,63,66,51,1219,60.000,6.76,9.49,3.507,1.395,76.247,20.013
1,16,818,63,66,52,1221,27.000,7.29,9.53,4.506,1.404,75.316,18.126
2,26,976,63,66,49,1256,12.000,3.57,9.59,4.405,1.379,79.889,22.612
7,173,1340,62,66,50,1312,12.000,1.92,9.61,4.148,1.365,81.568,18.291
7,159,1330,62,66,49,1371,12.000,1.73,9.62,4.073,1.376,78.110,29.777
6,154,1338,62,65,49,1429,12.000,2.99,9.65,3.590,1.389,75.678,19.441
3,80,1338,62,65,50,1479,12.000,2.14,9.67,3.415,1.385,75.373,20.772
4,72,1334,62,65,48,1541,12.000,0.00,9.68,2.991,1.377,74.332,19.098
7,192,1342,61,65,50,1608,0.000,1.68,9.70,2.894,1.371,75.079,19.246
1,20,1238,61,65,53,1687,0.000,1.64,9.72,2.804,1.380,74.666,18.848
4,59,1340,62,65,48,1716,2.000,3.95,9.76,3.012,1.367,75.500,19.859
1,13,1522,61,65,49,1716,29.000,6.26,9.83,3.091,1.364,79.227,24.101
0,7,1552,61,65,47,1717,30.000,5.47,9.92,4.385,1.355,84.739,35.693
0,8,1482,61,65,48,1718,24.000,5.67,9.98,3.540,1.369,83.767,26.530
1,41,1316,61,65,47,1720,26.000,6.40,10.05,4.222,1.352,84.804,34.070
0,10,1302,61,64,46,1906,24.000,3.89,10.02,3.957,1.360,84.515,25.035
36,1498,2078,61,65,54,2612,10.000,4.07,10.03,3.451,1.365,78.089,27.682
0,4,1342,61,64,44,2612,10.000,7.22,10.03,3.397,1.361,75.612,21.061
0,18,1384,61,64,47,2629,3.000,3.34,9.96,4.232,1.365,85.967,21.322
0,4,1342,60,64,45,2629,3.000,0.00,9.95,2.713,1.369,79.644,27.513
0,0,1340,60,64,40,2629,3.000,1.89,9.96,1.957,1.381,74.695,30.226
0,0,1340,60,63,44,2629,3.000,2.63,9.95,2.000,1.381,74.583,29.249
99,2382,1990,65,84,235,2709,18.000,3.53,9.98,2.191,1.372,75.414,30.662
99,2265,1988,69,87,280,2727,120.000,0.00,9.99,2.685,1.349,70.947,32.636
99,2265,1988,69,87,280,2727,120.000,0.00,9.99,2.685,1.349,70.947,32.636
99,2262,1990,71,88,280,2731,119.000,4.22,9.99,2.274,1.328,68.211,32.087
99,2262,1990,71,88,280,2731,119.000,4.22,9.99,2.274,1.328,68.211,32.087
99,2261,1988,71,88,280,2734,118.000,2.71,9.99,2.554,1.344,69.526,33.633
99,2260,1988,71,89,280,2737,115.000,0.61,9.99,2.178,1.332,67.947,32.006
99,2264,1988,72,89,281,2741,114.000,2.85,9.99,2.409,1.340,69.334,33.100
99,2260,1992,72,91,280,2744,113.000,3.10,9.99,2.047,1.333,67.768,31.087
99,2261,1990,72,89,280,2745,113.000,0.00,9.99,2.433,1.343,68.949,33.135
99,2270,1988,72,89,280,2745,112.000,2.68,9.99,2.216,1.329,67.084,30.164
99,2277,1988,72,89,280,2745,111.000,3.22,9.99,2.384,1.337,68.178,31.602
99,2275,1990,72,90,280,2747,110.000,0.75,9.93,2.021,1.323,67.326,30.658
98,2268,1988,72,92,281,2747,108.000,1.67,9.93,2.480,1.338,69.124,32.363
99,2265,1988,72,90,280,2747,111.000,1.71,9.92,1.998,1.321,66.283,28.712
99,2266,1988,73,91,280,2748,109.000,2.72,9.92,2.403,1.336,68.402,31.594
99,2264,1988,73,91,280,2751,109.000,1.28,9.92,2.238,1.321,67.052,29.997
99,2263,1988,73,90,281,2751,110.000,2.59,9.93,2.397,1.339,68.197,31.706
99,2261,1990,73,91,281,2751,111.000,3.62,9.92,2.190,1.332,67.284,30.049
99,2266,1988,73,91,280,2751,112.000,0.46,9.93,2.361,1.333,68.587,32.129
99,2262,1988,73,91,280,2751,112.000,2.22,9.92,2.173,1.326,67.255,30.637
99,2259,1988,73,91,280,2752,112.000,2.82,9.93,2.417,1.327,68.489,32.023
99,2244,1988,74,90,281,2753,127.000,3.71,9.92,2.172,1.329,67.244,30.757
99,2246,1988,74,92,281,2753,142.000,0.00,9.93,2.569,1.339,68.506,32.961
99,2249,1988,73,91,280,2753,142.000,1.98,9.92,2.366,1.351,68.763,35.016
99,2250,1988,73,92,281,2753,141.000,2.03,9.92,2.222,1.347,69.052,35.616
99,2246,1988,73,92,281,2754,139.000,2.89,9.92,2.488,1.349,69.316,35.362
99,2243,1990,73,92,281,2755,137.000,0.00,9.92,2.589,1.349,69.747,35.598
99,2250,1988,74,92,280,2756,137.000,2.86,9.92,2.432,1.345,69.172,34.885
99,2256,1988,74,93,281,2758,135.000,2.47,9.92,2.414,1.347,69.797,35.257
99,2253,1988,73,92,281,2758,134.000,0.88,9.92,2.360,1.346,69.343,34.861
99,2253,1990,74,92,281,2758,133.000,1.63,9.92,2.394,1.345,69.967,35.457
99,2257,1988,73,91,280,2758,131.000,2.43,9.92,2.428,1.342,69.581,35.041
99,2254,1988,74,92,281,2758,130.000,3.86,9.92,2.488,1.340,70.329,35.179
99,2251,1988,73,92,280,2758,130.000,1.26,9.93,2.436,1.339,69.767,34.933
99,2253,1988,74,92,281,2758,129.000,1.36,9.92,2.374,1.341,69.938,34.785
99,2258,1990,74,93,280,2759,121.000,4.48,9.93,2.285,1.345,69.719,34.920
99,2258,1990,74,93,280,2759,116.000,0.00,9.92,2.307,1.346,70.432,35.671
99,2259,1988,74,93,280,2759,117.000,2.43,9.93,2.502,1.344,70.880,35.499
99,2257,1988,74,92,281,2760,118.000,2.35,9.92,2.491,1.344,71.238,35.941
99,2255,1990,74,94,280,2766,119.000,2.87,9.92,2.659,1.344,71.364,35.754
99,2252,1988,74,94,281,2767,119.000,0.00,9.92,2.396,1.337,70.547,34.704
99,2258,1988,74,92,281,2769,120.000,2.45,9.92,2.387,1.324,69.634,33.923
99,2251,1988,75,91,281,2769,120.000,2.99,9.92,2.408,1.339,70.471,34.891
99,2253,1988,75,92,281,2770,120.000,2.20,9.92,2.642,1.344,70.788,35.475
99,2251,1988,74,92,281,2771,120.000,0.00,9.92,2.294,1.341,70.749,35.131
99,2252,1988,75,92,281,2772,119.000,2.15,9.92,2.649,1.335,70.677,35.032
99,2253,1992,74,91,280,2772,119.000,2.78,9.92,2.378,1.336,70.841,34.885
99,2252,1988,74,91,281,2773,118.000,2.71,9.92,2.302,1.337,70.182,34.291
99,2250,1988,74,92,281,2776,118.000,0.32,9.92,2.442,1.328,70.151,33.854
99,2250,1988,75,92,280,2776,118.000,2.84,9.92,2.494,1.339,71.042,35.494
99,2254,1988,75,93,281,2776,117.000,2.61,9.92,2.436,1.340,70.745,35.378
99,2248,1988,74,94,280,2776,117.000,2.01,9.92,2.543,1.334,70.950,35.216
99,2254,1988,74,93,281,2777,117.000,0.00,9.92,2.252,1.337,70.260,34.518
99,2251,1990,74,93,281,2777,116.000,3.78,9.92,2.318,1.334,69.860,34.097
99,2251,1988,75,95,280,2778,116.000,2.70,9.92,2.454,1.332,70.258,34.661
99,2252,1988,75,92,280,2779,116.000,0.00,9.92,2.511,1.331,71.203,35.271
99,2249,1988,74,92,280,2781,114.000,2.49,9.92,2.489,1.338,70.925,35.189
99,2248,1988,75,93,280,2781,113.000,2.70,9.92,2.513,1.333,70.394,33.900
99,2248,1988,75,93,281,2783,114.000,2.51,9.92,2.321,1.329,68.343,32.432
99,2245,1988,75,93,281,2783,115.000,0.19,9.92,2.323,1.327,67.741,32.033
99,2237,1988,76,95,280,2783,116.000,3.60,9.92,2.292,1.338,68.728,33.383
99,2247,1990,74,94,281,2783,116.000,2.15,9.92,2.409,1.333,69.720,33.390
99,2243,1990,75,94,281,2784,117.000,0.02,9.92,2.363,1.330,68.607,32.394
99,2238,1988,75,93,280,2784,118.000,2.33,9.92,2.424,1.337,69.260,33.177
99,2237,1988,75,94,280,2784,119.000,3.45,9.92,2.334,1.337,68.873,32.845
99,2245,1988,75,94,280,2784,120.000,2.81,9.92,2.384,1.332,68.921,33.747
99,2244,1988,75,94,281,2785,120.000,1.13,9.92,2.184,1.329,67.641,32.678
99,2241,1988,75,92,280,2785,121.000,2.42,9.92,2.372,1.329,69.336,33.176
99,2241,1988,75,92,280,2786,121.000,2.54,9.92,2.148,1.323,67.324,32.285
99,2244,1988,75,92,281,2788,122.000,2.71,9.92,2.516,1.336,69.463,33.756
99,2241,1988,75,93,280,2788,122.000,0.99,9.92,2.259,1.337,68.198,32.703
99,2237,1988,76,93,280,2788,122.000,2.19,9.92,2.393,1.345,69.499,34.873
99,2237,1988,75,93,280,2789,123.000,3.06,9.93,2.365,1.340,68.889,33.617
99,2243,1988,75,93,281,2789,123.000,2.50,9.92,2.430,1.341,69.656,35.033
99,2248,1988,75,93,280,2789,123.000,0.00,9.92,2.374,1.338,68.814,33.992
99,2236,1988,75,94,281,2789,124.000,1.79,9.92,2.454,1.332,69.699,34.175
99,2242,1988,76,93,281,2789,124.000,1.93,9.92,2.276,1.328,68.379,33.437
99,2244,1988,75,94,281,2789,124.000,2.18,9.92,2.468,1.339,70.125,34.901
99,2241,1990,75,95,280,2789,124.000,0.00,9.92,2.352,1.335,68.963,33.362
99,2247,1988,75,92,281,2789,124.000,1.98,9.92,2.438,1.343,69.784,34.770
99,2236,1988,76,93,280,2789,125.000,2.85,9.92,2.488,1.341,69.209,34.319
99,2236,1988,76,94,280,2789,129.000,2.80,9.92,2.376,1.342,69.723,34.385
99,2228,1990,76,94,280,2789,132.000,0.57,9.92,2.395,1.343,69.134,34.600
99,2226,1988,75,95,281,2789,132.000,2.97,9.92,2.428,1.350,69.526,34.996
99,2228,1990,76,93,280,2789,133.000,4.05,9.92,2.154,1.332,68.229,33.212
99,2220,1988,75,94,281,2789,133.000,1.18,9.92,2.634,1.345,69.357,34.333
99,2222,1988,76,93,281,2789,134.000,1.57,9.92,2.278,1.336,68.307,33.814
99,2222,1988,75,94,280,2789,133.000,3.08,9.92,2.525,1.342,69.167,34.169
99,2228,1988,76,93,281,2789,133.000,3.83,9.92,2.245,1.341,68.685,33.854
99,2219,1988,76,94,281,2789,133.000,0.23,9.92,2.835,1.342,69.759,34.600
99,2221,1988,76,94,281,2789,133.000,1.90,9.92,2.236,1.327,67.685,32.614
99,2225,1988,76,93,281,2789,132.000,3.53,9.92,2.745,1.341,69.535,34.022
99,2223,1988,76,94,280,2789,133.000,2.67,9.92,2.246,1.336,67.740,32.754
99,2252,1988,75,94,281,2789,141.000,0.20,9.92,2.711,1.343,69.360,34.679
99,2254,1990,76,95,281,2789,140.000,3.05,9.92,2.243,1.341,66.354,31.055
99,2253,1990,75,96,281,2789,142.000,2.47,9.92,2.671,1.343,67.637,32.309
99,2251,1988,76,93,281,2789,142.000,2.93,9.92,2.235,1.336,65.761,30.143
99,2251,1988,75,93,280,2792,144.000,0.00,9.92,2.629,1.342,67.247,32.125
99,2250,1988,76,94,281,2792,146.000,2.09,9.93,2.269,1.343,65.939,31.102
99,2248,1988,76,93,281,2794,146.000,2.42,9.92,2.480,1.344,66.897,32.038
99,2253,1988,76,93,280,2794,143.000,3.09,9.92,2.172,1.341,66.189,30.936
99,2251,1988,76,94,281,2794,143.000,0.00,9.92,2.553,1.342,67.243,31.949
99,2251,1988,76,92,281,2795,145.000,4.42,9.92,2.174,1.336,65.579,30.069
99,2252,1992,75,96,281,2797,147.000,2.75,9.92,2.627,1.339,66.872,31.870
99,2255,1988,76,94,280,2797,148.000,3.27,9.92,2.544,1.335,66.205,30.837
99,2253,1988,76,95,280,2797,148.000,0.09,9.92,2.869,1.347,67.720,32.217
99,2257,1988,76,94,281,2797,149.000,1.84,9.92,2.342,1.335,66.193,31.077
99,2260,1988,76,95,281,2798,150.000,3.03,9.93,2.594,1.336,67.049,31.653
99,2260,1988,76,94,280,2799,151.000,3.31,9.92,2.179,1.336,64.915,29.838
99,2259,1988,76,95,281,2799,154.000,0.00,9.93,2.591,1.339,66.942,31.949
99,2260,1988,76,94,281,2800,160.000,2.62,9.92,2.278,1.340,65.255,30.329
98,2259,1990,76,93,281,2802,168.000,3.07,9.93,2.526,1.346,67.469,33.167
99,2264,1988,76,94,280,2802,172.000,0.35,9.92,2.338,1.342,66.236,31.725
99,2264,1988,76,94,280,2802,168.000,2.06,9.92,2.830,1.352,68.326,33.885
98,2270,1988,76,93,280,2803,169.000,2.82,9.92,2.285,1.338,65.778,31.828
99,2262,1988,76,93,280,2384,178.000,4.18,9.69,2.578,1.338,67.457,32.028
13,672,1996,69,73,81,1038,N/A,0.00,9.28,3.534,1.364,71.398,30.431
6,215,1990,67,70,57,1219,62.000,6.47,9.49,4.124,1.374,77.480,32.748
2,39,1986,67,70,61,1219,60.000,6.27,9.49,4.193,1.370,78.857,31.376
0,15,1886,66,69,55,1219,60.000,6.15,9.48,4.855,1.383,78.737,23.155
1,15,1904,66,69,54,1219,60.000,6.65,9.49,3.603,1.398,75.354,19.307
2,49,1180,65,68,48,1221,23.000,4.36,9.55,3.467,1.387,76.379,28.245
2,49,1180,65,68,48,1221,23.000,4.36,9.55,3.467,1.387,76.379,28.245
0,9,1346,64,68,49,1241,12.000,5.84,9.62,3.447,1.374,80.970,20.978
8,172,1334,64,67,50,1307,12.000,2.51,9.63,3.830,1.360,86.710,21.127
3,83,1338,65,67,50,1364,12.000,2.73,9.64,3.281,1.373,76.838,18.553
7,139,1340,64,67,49,1412,12.000,0.00,9.66,3.285,1.378,76.789,20.580
2,57,1342,64,67,50,1466,12.000,2.85,9.70,3.264,1.378,74.646,17.835
3,66,1332,63,67,50,1548,12.000,1.25,9.70,3.490,1.380,76.091,20.358
11,292,1342,63,66,50,1618,0.000,2.70,9.71,2.497,1.372,73.941,17.633
7,198,1342,63,66,49,1659,0.000,0.00,9.74,3.802,1.378,75.019,20.352
12,266,1342,63,66,49,1728,0.000,2.04,9.75,3.549,1.392,74.271,19.110
12,285,1340,63,66,49,1786,0.000,2.98,9.77,3.603,1.386,75.785,20.525
11,231,1332,63,66,49,1819,2.000,5.09,9.83,2.955,1.376,76.344,17.911
0,15,1450,62,66,49,1820,29.000,1.90,9.92,3.420,1.358,80.651,31.589
0,7,1326,62,66,46,1822,28.000,7.76,10.02,4.816,1.364,84.782,30.336
0,5,1648,62,66,49,1824,23.000,6.33,10.09,3.471,1.369,82.455,26.416
0,14,1170,62,65,45,1827,28.000,6.57,10.14,3.340,1.361,85.124,25.240
0,25,1938,62,66,46,1827,29.000,5.24,10.23,4.365,1.360,84.281,28.176
1,19,958,61,66,48,2044,16.000,7.01,10.20,3.924,1.367,82.763,28.948
35,1088,1848,62,66,49,2726,10.000,5.20,10.20,3.216,1.371,76.248,19.939
0,3,946,62,65,45,2726,1.000,4.63,10.20,3.277,1.364,77.750,20.927
0,14,984,61,65,44,2742,10.000,2.63,10.13,3.272,1.366,84.864,22.132
0,1,1522,61,65,42,2742,10.000,2.51,10.13,2.218,1.379,76.343,28.534
0,0,606,61,64,28,2742,10.000,1.26,10.14,2.241,1.380,74.648,30.725
0,0,616,61,63,33,2746,10.000,0.00,10.15,2.189,1.378,75.094,29.301
99,2380,1988,67,84,235,2803,22.000,3.70,10.16,2.365,1.377,76.520,31.611
99,2262,1990,70,90,280,2821,125.000,2.96,10.17,3.068,1.346,71.508,40.703
98,2258,1988,71,88,281,2827,120.000,3.27,10.16,2.994,1.331,72.565,41.080
99,2239,1988,71,89,280,2828,120.000,1.52,10.17,2.732,1.323,70.578,38.552
99,2229,1988,72,89,280,2831,115.000,3.67,10.16,2.878,1.328,71.262,39.239
99,2210,1988,72,91,281,2831,104.000,2.75,10.17,2.845,1.322,71.036,38.598
99,2205,1988,73,90,280,2833,95.000,1.85,10.16,2.604,1.309,69.891,36.204
99,2195,1988,73,91,281,2834,86.000,2.70,10.16,2.617,1.305,68.884,34.989
99,2212,1988,74,91,280,2834,89.000,2.81,10.16,2.672,1.318,69.090,35.507
99,2207,1988,73,92,281,2835,96.000,2.00,10.16,2.620,1.304,68.109,34.062
99,2209,1988,73,92,281,2835,98.000,0.23,10.16,2.658,1.307,68.813,34.820
99,2204,1988,74,92,280,2835,98.000,1.96,10.10,2.630,1.308,68.748,34.693
99,2203,1988,74,93,280,2836,96.000,3.95,10.10,2.703,1.322,69.338,35.169
99,2190,1988,74,93,280,2838,94.000,2.92,10.10,2.641,1.318,68.770,33.442
99,2194,1988,74,94,281,2838,90.000,0.91,10.10,2.415,1.319,68.289,33.575
99,2187,1988,74,92,281,2839,85.000,2.89,10.10,2.663,1.306,67.813,31.946
99,2182,1988,74,92,280,2839,83.000,3.58,10.10,2.404,1.314,67.026,31.028
99,2178,1990,74,92,281,2839,82.000,2.61,10.10,2.718,1.324,68.412,33.161
99,2186,1988,74,94,280,2840,81.000,0.78,10.10,2.273,1.311,67.072,31.994
99,2200,1988,74,93,280,2840,79.000,2.03,10.10,2.629,1.313,67.764,33.012
99,2197,1988,74,93,282,2840,79.000,2.22,10.10,2.484,1.312,67.731,32.813
99,2184,1988,74,92,280,2842,82.000,0.04,10.10,2.557,1.309,67.670,32.076
99,2177,1988,75,93,282,2842,84.000,2.85,10.10,2.393,1.315,67.411,32.300
99,2162,1990,74,93,281,2842,85.000,2.82,10.10,2.890,1.319,68.171,33.420
99,2171,1988,75,93,280,2843,85.000,0.81,10.10,2.372,1.311,67.058,32.168
99,2170,1988,75,93,280,2843,86.000,0.76,10.10,2.720,1.306,67.544,32.924
99,2166,1988,75,93,280,2843,87.000,4.36,10.10,2.299,1.315,68.301,33.857
99,2174,1990,75,92,280,2845,89.000,0.57,10.10,2.803,1.307,68.192,33.404
99,2166,1988,76,94,281,2845,89.000,2.54,10.10,2.415,1.302,67.244,32.683
99,2170,1988,75,93,281,2845,90.000,2.32,10.10,2.638,1.315,68.469,34.029
99,2170,1988,75,94,280,2845,90.000,2.46,10.10,2.362,1.313,68.184,33.396
99,2190,1988,75,93,281,2845,91.000,0.31,10.10,2.839,1.321,69.152,35.538
99,2193,1988,74,94,280,2847,93.000,3.44,10.10,2.509,1.312,68.700,34.510
99,2201,1988,74,93,280,2848,94.000,3.34,10.10,2.952,1.324,69.809,35.055
99,2194,1988,75,93,280,2849,99.000,0.44,10.10,2.546,1.319,68.627,33.909
99,2204,1988,75,92,280,2849,100.000,2.49,10.10,3.027,1.324,70.703,36.529
99,2202,1992,75,94,280,2849,97.000,2.92,10.10,2.153,1.313,67.882,33.287
99,2194,1988,75,93,280,2849,97.000,1.36,10.10,2.681,1.317,68.919,34.439
99,2182,1988,75,93,280,2849,98.000,0.56,10.10,2.318,1.318,68.497,34.991
99,2187,1990,75,94,280,2851,96.000,1.51,10.10,2.821,1.329,70.300,36.049
99,2166,1990,75,96,280,2851,95.000,2.74,10.10,2.349,1.305,67.666,33.175
99,2169,1988,76,94,280,2851,94.000,3.22,10.10,2.690,1.309,68.568,33.744
99,2154,1988,76,94,281,2851,89.000,3.48,10.10,2.350,1.298,67.807,32.582
99,2154,1988,76,94,281,2851,87.000,0.00,10.10,2.749,1.317,68.412,32.349
99,2157,1990,76,96,281,2851,86.000,3.49,10.10,2.072,1.306,67.334,31.459
99,2152,1988,76,94,281,2851,87.000,2.11,10.10,2.732,1.315,68.566,32.887
99,2167,1990,76,96,280,2851,88.000,1.20,10.10,2.356,1.314,67.873,33.236
99,2175,1988,76,93,280,2851,89.000,2.64,10.10,2.685,1.317,68.875,33.712
99,2168,1988,76,95,281,2851,88.000,3.03,10.10,2.403,1.309,67.329,32.558
99,2174,1988,76,94,281,2851,88.000,1.91,10.10,2.710,1.322,69.132,33.748
99,2174,1988,76,93,281,2851,88.000,0.00,10.10,2.335,1.309,67.617,33.130
99,2172,1990,76,94,280,2851,85.000,2.73,10.10,2.647,1.319,68.548,33.760
99,2170,1990,76,96,281,2851,90.000,3.24,10.10,2.240,1.304,66.880,31.776
99,2180,1988,76,94,280,2851,101.000,2.81,10.10,2.641,1.318,69.014,35.195
99,2183,1988,76,94,280,2851,102.000,1.08,10.10,2.354,1.313,68.978,35.587
99,2195,1988,76,93,280,2851,102.000,2.66,10.10,2.875,1.314,70.728,37.196
99,2214,1988,76,93,280,2851,107.000,3.20,10.10,2.410,1.317,70.259,37.785
99,2224,1988,75,93,280,2851,112.000,3.24,10.10,2.797,1.322,72.095,39.429
99,2230,1988,75,93,281,2851,113.000,0.12,10.10,2.670,1.315,71.450,40.031
99,2218,1988,76,95,280,2851,113.000,3.05,10.10,2.797,1.332,73.150,41.437
99,2222,1990,75,93,280,2851,115.000,4.31,10.10,2.602,1.323,72.149,40.681
99,2228,1992,76,93,280,2851,127.000,0.12,10.10,2.829,1.327,73.635,41.327
99,2251,1988,76,92,281,2851,137.000,3.65,10.10,2.545,1.333,73.107,42.532
99,2247,1988,75,92,281,2851,141.000,3.41,10.10,3.042,1.330,75.219,45.632
99,2253,1988,75,92,280,2851,138.000,1.26,10.10,2.670,1.331,74.423,45.301
99,2251,1990,76,92,280,2851,133.000,3.28,10.10,3.043,1.328,75.282,45.312
99,2245,1988,76,94,281,2851,129.000,3.23,10.10,2.643,1.333,74.508,44.339
99,2230,1988,76,92,280,2851,127.000,2.12,10.10,3.108,1.328,74.452,44.631
99,2238,1988,75,94,280,2851,130.000,0.58,10.10,2.602,1.321,73.764,43.741
99,2222,1990,76,93,281,2851,133.000,3.49,10.10,2.980,1.325,74.749,44.935
99,2229,1990,76,93,281,2851,135.000,3.91,10.10,2.795,1.326,74.414,45.247
99,2235,1988,76,94,281,2853,134.000,0.68,10.10,3.172,1.331,76.121,47.305
98,2248,1988,76,92,280,2853,135.000,2.53,10.10,2.826,1.323,75.201,46.000
99,2250,1990,76,92,280,2853,135.000,3.24,10.10,3.184,1.328,76.545,47.449
99,2247,1988,76,92,281,2854,130.000,4.61,10.10,2.703,1.323,75.350,46.328
99,2270,1988,75,92,280,2854,122.000,0.00,10.10,3.076,1.330,76.078,46.477
99,2268,1988,75,91,280,2854,125.000,3.46,10.10,2.542,1.325,73.619,42.717
99,2260,1988,76,93,280,2854,124.000,2.35,10.10,3.019,1.333,74.890,44.441
99,2252,1992,76,93,281,2854,118.000,3.18,10.10,2.552,1.324,73.620,42.652
99,2257,1988,76,93,281,2854,115.000,0.39,10.10,3.039,1.329,74.331,42.370
99,2265,1988,76,92,281,2854,115.000,3.25,10.10,2.565,1.321,72.632,40.845
99,2253,1988,76,93,280,2855,123.000,3.53,10.09,2.998,1.325,73.842,42.010
99,2255,1988,76,93,281,2855,120.000,3.13,10.10,2.656,1.325,73.642,43.554
98,2255,1988,76,93,280,2855,119.000,0.22,10.10,3.096,1.326,75.169,44.508
99,2256,1988,76,93,280,2855,119.000,4.09,10.10,2.737,1.324,73.732,43.052
99,2254,1988,76,93,280,2855,120.000,3.51,10.10,3.127,1.319,74.724,44.198
99,2248,1988,76,93,280,2855,119.000,1.48,10.10,2.668,1.319,73.632,43.282
99,2243,1988,76,94,281,2855,117.000,3.29,10.10,3.089,1.319,74.869,43.820
99,2233,1990,76,93,281,2855,116.000,5.21,10.10,2.580,1.317,73.228,41.919
98,2226,1988,76,92,281,2855,116.000,2.08,10.10,3.070,1.323,74.335,43.005
99,2228,1990,76,93,280,2855,118.000,1.00,10.10,2.688,1.320,73.208,41.281
98,2237,1988,77,93,280,2855,123.000,4.20,10.10,2.951,1.324,73.237,41.996
98,2240,1990,77,93,280,2855,129.000,3.61,10.10,2.637,1.332,73.571,42.742
99,2239,1988,76,94,281,2855,131.000,0.46,10.10,3.114,1.340,75.154,45.287
99,2235,1990,76,93,281,2856,133.000,4.17,10.10,2.779,1.331,74.206,43.710
99,2235,1990,76,93,281,2856,133.000,4.17,10.10,2.779,1.331,74.206,43.710
99,2229,1990,76,94,280,2856,132.000,3.48,10.10,3.130,1.334,75.092,44.528
98,2230,1988,76,93,281,2856,131.000,2.84,10.10,2.689,1.330,73.832,42.975
98,2219,1988,76,93,280,2856,127.000,0.00,10.10,2.852,1.334,74.194,42.638
99,2204,1990,76,93,281,2856,120.000,4.45,10.11,2.706,1.337,73.880,42.396
99,2197,1988,76,94,280,2856,114.000,2.57,10.11,2.755,1.316,73.086,39.159
99,2207,1988,76,93,280,2856,113.000,0.22,10.11,2.395,1.319,71.563,38.471
99,2222,1988,77,93,281,2856,115.000,2.65,10.11,2.665,1.326,72.528,38.951
99,2219,1988,76,94,281,2856,112.000,2.59,10.11,2.489,1.320,71.706,39.050
99,2223,1988,77,95,280,2856,108.000,3.11,10.12,2.915,1.324,72.880,40.637
99,2227,1988,76,96,280,2856,105.000,1.25,10.11,2.534,1.320,71.834,39.219
99,2217,1988,77,94,280,2856,102.000,3.05,10.12,2.734,1.321,72.793,40.185
99,2221,1988,76,94,280,2856,100.000,2.33,10.10,2.476,1.320,71.338,37.784
99,2237,1990,76,94,281,2856,105.000,3.39,10.10,2.771,1.322,72.242,39.035
99,2244,1988,77,94,281,2856,108.000,0.26,10.10,2.596,1.312,71.315,38.785
99,2255,1990,76,94,280,2856,111.000,2.62,10.10,2.782,1.319,72.262,39.453
99,2264,1988,77,93,280,2856,115.000,4.45,10.10,2.690,1.317,72.285,40.253
99,2263,1990,76,93,281,2856,117.000,2.89,10.10,2.961,1.322,73.581,41.655
99,2268,1988,76,94,280,2856,119.000,0.62,10.10,2.672,1.332,73.745,42.329
99,2269,1990,76,92,280,2856,117.000,2.72,10.10,3.003,1.323,74.608,42.755
99,2272,1988,77,94,281,2856,117.000,4.26,10.10,2.768,1.328,74.432,42.733
99,2270,1990,76,94,280,2857,118.000,0.33,10.10,3.006,1.327,74.702,43.096
99,2267,1990,76,92,281,2857,118.000,4.06,10.10,2.768,1.330,74.476,42.978
99,2268,1988,76,94,280,2857,118.000,2.76,10.10,2.891,1.327,74.326,42.816
99,2269,1988,76,93,281,2857,118.000,4.14,10.10,2.664,1.322,73.654,41.779
99,2268,1990,77,93,281,2857,120.000,0.00,10.10,2.791,1.318,73.526,41.546
99,2264,1988,76,93,281,2857,121.000,2.91,10.10,2.690,1.324,73.113,41.583
99,2258,1988,77,94,280,2857,124.000,2.74,10.10,2.785,1.325,73.734,42.365
99,2254,1990,77,93,280,2857,127.000,3.05,10.10,2.798,1.318,73.813,43.829
99,2242,1988,77,94,280,2857,129.000,1.25,10.10,2.817,1.333,74.982,44.823
99,2242,1988,77,94,281,2857,129.000,1.86,10.09,2.891,1.326,74.856,43.791
98,2222,1988,77,94,280,2857,127.000,2.19,10.10,2.591,1.328,74.674,44.433
98,2204,1988,77,94,280,2857,121.000,2.98,10.10,2.663,1.326,74.367,43.061
99,2190,1988,77,95,281,2857,112.000,0.00,10.10,2.636,1.321,73.718,41.186
99,2190,1988,77,95,280,2857,110.000,3.92,10.10,2.607,1.317,72.905,39.640
99,2191,1988,77,94,280,2857,114.000,3.32,10.10,2.493,1.321,72.441,39.172
98,2203,1988,77,95,280,2857,118.000,1.93,10.10,2.864,1.322,73.752,40.690
99,2200,1990,77,94,280,2858,120.000,1.16,10.10,2.698,1.319,73.427,40.332
98,2202,1990,77,94,280,2858,121.000,2.39,10.10,2.740,1.341,74.422,42.522
98,2202,1990,77,94,280,2858,124.000,2.72,10.10,2.696,1.321,73.776,41.027
99,2206,1988,77,95,280,2858,128.000,3.06,10.10,2.819,1.327,73.911,42.151
98,2208,1988,77,93,280,2858,132.000,3.93,10.10,2.612,1.331,73.838,42.277
99,2203,1988,77,95,280,2858,131.000,2.56,10.10,2.949,1.335,74.865,43.635
99,2207,1990,77,94,280,2860,133.000,1.77,10.10,2.621,1.334,73.983,42.332
99,2203,1990,77,94,280,2861,132.000,2.06,10.10,2.748,1.335,74.706,43.620
99,2200,1988,77,94,280,2861,132.000,3.16,10.10,2.654,1.330,74.373,43.132
99,2198,1988,77,94,280,2861,134.000,3.07,10.10,2.732,1.335,75.063,43.996
98,2196,1988,77,95,281,2861,136.000,0.00,10.10,2.637,1.329,74.319,43.063
99,2198,1988,77,94,280,2861,137.000,3.25,10.10,2.895,1.336,75.469,44.333
99,2200,1988,77,94,281,2861,138.000,3.32,10.10,2.559,1.329,74.647,43.249
99,2197,1988,77,95,280,2861,138.000,2.39,10.10,2.829,1.337,75.812,44.583
8,350,1980,73,78,164,1252,138.000,2.74,9.58,2.603,1.331,74.853,42.867
9,370,1988,69,72,72,1118,N/A,4.30,9.49,3.835,1.386,75.699,27.015
2,60,1974,67,71,49,1202,61.000,8.95,9.49,3.946,1.366,80.418,34.202
0,9,1992,67,71,61,1202,60.000,6.91,9.49,4.367,1.378,79.788,31.738
0,15,1888,66,70,52,1202,60.000,4.35,9.49,2.819,1.393,75.892,19.053
2,22,1264,66,70,52,1202,60.000,7.39,9.49,3.505,1.398,75.743,20.047
0,11,1868,66,69,52,1204,60.000,7.62,9.78,3.032,1.401,75.950,19.658
0,1,734,65,68,39,1209,4.000,6.43,9.96,4.020,1.363,85.391,23.308
9,79,1338,65,67,36,1209,4.000,6.43,10.11,4.137,1.374,84.369,19.427
9,74,716,64,68,38,1209,2.000,7.41,10.27,3.609,1.379,84.148,20.625
3,34,1384,64,67,31,1209,3.000,8.17,10.45,4.182,1.370,86.119,28.245
0,10,1350,64,67,41,1216,4.000,6.26,10.56,4.135,1.369,86.760,20.723
4,54,892,64,67,32,1216,4.000,4.86,10.94,3.972,1.371,79.737,18.836
0,14,766,64,67,35,1556,3.000,7.06,10.91,3.711,1.388,81.757,20.291
0,9,1356,64,67,43,1556,3.000,7.96,10.92,3.572,1.380,78.043,22.430
0,4,1340,64,67,43,1573,3.000,0.80,10.91,4.370,1.363,86.355,22.197
3,45,1340,63,66,42,1573,3.000,3.42,10.91,2.779,1.360,80.356,25.344
0,12,1342,63,66,43,1573,3.000,1.65,10.91,2.452,1.376,75.339,30.961
0,6,1434,63,67,43,1573,3.000,0.00,10.92,1.898,1.375,75.888,30.144
0,23,2378,63,67,48,1596,13.000,3.64,10.94,2.228,1.372,76.619,31.560
14,191,1980,64,67,69,1596,103.000,6.15,10.94,3.629,1.342,79.118,45.877
14,247,1982,63,67,69,1596,98.000,3.61,10.95,4.214,1.308,82.151,56.459
15,228,1988,64,67,70,1596,102.000,3.17,10.95,3.758,1.309,83.570,56.247
10,169,1990,63,67,71,1596,104.000,5.49,10.95,4.139,1.296,83.058,56.805
5,140,1984,62,67,70,1597,97.000,3.80,10.94,4.106,1.296,83.066,56.712
18,695,1982,63,67,70,1603,82.000,6.40,10.95,4.272,1.298,83.885,56.781
13,231,1988,63,67,69,1606,74.000,5.87,10.94,4.453,1.221,81.406,57.154
6,95,1976,62,67,68,1606,74.000,5.59,10.95,4.768,1.164,80.694,56.808
4,77,1980,63,66,67,1607,71.000,6.18,10.94,4.687,1.166,80.815,56.604
5,90,1992,62,67,68,1607,72.000,5.29,10.95,4.801,1.156,81.032,57.055
6,90,1978,63,66,68,1607,71.000,5.64,10.94,4.691,1.160,81.164,56.927
5,96,1984,62,66,67,1609,69.000,6.65,10.88,4.755,1.162,81.130,56.875
5,110,1986,62,66,68,1609,66.000,6.21,10.89,4.706,1.170,81.319,56.906
5,95,1984,62,66,68,1609,57.000,5.64,10.88,4.730,1.177,81.373,56.871
5,95,1984,62,66,68,1609,57.000,5.64,10.88,4.730,1.177,81.373,56.871
8,121,1990,62,66,65,1609,44.000,5.52,10.89,4.601,1.170,81.387,56.945
17,749,1986,62,66,65,1609,46.000,7.21,10.89,4.805,1.130,81.167,57.420
14,258,1982,62,66,67,1609,46.000,4.55,10.90,4.764,1.130,80.939,57.242
14,263,1988,62,66,65,1609,46.000,5.33,10.89,4.766,1.130,81.049,57.196
14,235,1992,61,66,67,1609,45.000,6.37,10.90,4.745,1.132,81.091,57.111
14,197,1976,61,66,64,1609,46.000,8.31,10.89,4.814,1.130,81.246,57.230
4,58,1978,62,66,65,1609,47.000,5.49,10.90,4.733,1.128,81.092,57.024
6,69,1978,62,66,65,1609,48.000,4.23,10.89,4.807,1.131,81.202,57.116
18,733,1990,61,65,66,1610,47.000,5.22,10.89,4.742,1.130,81.253,56.947
2,53,1988,61,65,66,1611,48.000,8.10,10.89,4.733,1.132,81.154,57.115
10,197,1994,61,66,66,1611,47.000,4.63,10.89,4.799,1.133,81.357,56.905
2,53,1986,61,65,65,1611,51.000,6.29,10.89,4.718,1.136,81.321,56.964
1,52,1990,61,65,62,1593,51.000,7.74,10.44,4.456,1.171,80.592,52.883
0,1,970,60,64,46,1138,N/A,3.80,9.50,4.659,1.385,80.544,21.300
14,513,1238,60,63,35,1038,N/A,4.72,9.27,3.814,1.396,77.021,19.757
9,78,794,60,64,39,1038,N/A,1.25,9.26,2.765,1.306,72.502,19.476
9,64,146,60,63,22,1038,N/A,0.50,9.26,0.939,1.245,61.261,7.027
3,23,246,59,62,29,1038,N/A,0.00,9.21,0.901,1.232,61.283,5.984
1,39,902,60,63,35,1038,N/A,2.05,9.21,1.127,1.244,61.222,8.052
0,12,192,59,62,29,1038,N/A,2.95,9.21,1.902,1.272,62.031,11.200
18,496,908,59,63,40,1038,N/A,4.29,9.20,2.539,1.303,68.451,13.474
1,9,202,59,62,31,1038,N/A,2.95,9.22,4.074,1.366,83.937,30.469
11,92,184,59,62,28,1038,N/A,5.20,9.20,3.616,1.370,83.994,24.943
3,26,624,59,62,29,1038,N/A,5.91,9.21,3.764,1.371,84.789,22.155
8,59,332,59,62,29,1038,N/A,3.23,9.16,4.707,1.371,86.372,21.797
0,15,118,59,62,30,1038,N/A,7.20,9.17,4.831,1.371,85.803,21.809
4,28,480,58,61,30,1038,N/A,5.59,9.16,3.904,1.374,84.500,23.501
3,26,722,58,62,30,1038,N/A,5.91,9.18,4.030,1.370,84.716,26.513
0,6,550,58,62,30,1038,N/A,3.64,9.23,3.659,1.363,84.799,23.285
0,6,494,58,61,26,1038,N/A,6.53,9.23,4.262,1.363,82.185,19.415
0,4,222,58,61,26,1038,N/A,7.10,9.24,4.616,1.358,85.694,20.797
19,496,746,58,61,28,1038,N/A,1.98,9.24,5.319,1.363,87.356,18.930
0,5,308,58,61,35,1043,N/A,0.00,9.24,3.117,1.342,69.285,20.352
13,91,1334,58,62,41,1040,N/A,2.33,9.24,1.855,1.285,62.107,10.882
14,114,1992,59,62,51,1038,N/A,2.22,9.25,2.971,1.317,69.024,21.047
8,76,1332,59,62,49,1038,N/A,1.59,9.25,2.708,1.310,66.664,19.394
2,29,214,58,60,29,1038,N/A,0.00,9.25,2.142,1.300,63.430,16.136
0,4,232,58,60,28,1038,N/A,1.00,9.23,1.331,1.270,61.010,6.785
0,4,228,57,60,27,1038,N/A,0.79,9.24,0.954,1.248,61.016,6.948
1,10,204,57,60,28,1038,N/A,0.99,9.23,0.788,1.242,61.006,5.392
0,8,192,57,60,26,1038,N/A,0.79,9.23,1.020,1.247,61.002,6.015
0,5,194,57,60,27,1038,N/A,0.00,9.24,0.730,1.223,61.004,5.055
0,4,192,57,59,27,1038,N/A,0.88,9.23,0.875,1.214,61.002,5.780
0,4,218,57,59,28,1038,N/A,1.13,9.24,0.736,1.234,61.002,4.901
6,40,192,57,59,27,1038,N/A,0.80,9.24,0.901,1.220,61.000,5.873
10,60,578,57,59,28,1038,N/A,1.20,9.23,0.734,1.216,61.002,5.125
3,23,710,57,61,45,1038,N/A,0.00,9.24,1.506,1.262,61.000,8.871
0,4,196,57,59,28,1038,N/A,0.73,9.24,1.506,1.262,61.000,8.871
0,4,232,57,59,27,1038,N/A,0.88,9.23,0.880,1.240,61.006,6.119
4,28,206,57,59,28,1038,N/A,1.18,9.24,0.770,1.236,61.002,4.999
0,3,188,56,59,27,1038,N/A,0.60,9.23,1.085,1.243,61.000,6.564
0,5,608,56,59,30,1038,N/A,0.00,9.23,1.085,1.243,61.000,6.564
0,0,44,56,58,23,1038,N/A,0.79,9.24,1.085,1.243,61.000,6.564
0,4,238,56,59,29,1038,N/A,0.51,9.23,1.085,1.243,61.000,6.564
0,0,24,56,58,21,1038,N/A,0.89,9.23,1.085,1.243,61.000,6.564
2,22,170,56,58,27,1038,N/A,0.78,9.24,1.085,1.243,61.000,6.564
0,0,24,55,58,19,1038,N/A,0.00,9.23,1.085,1.243,61.000,6.564
1,11,62,56,58,25,1038,N/A,1.02,9.23,1.085,1.243,61.000,6.564
0,0,22,55,58,15,1038,N/A,0.53,9.24,1.085,1.243,61.000,6.564
0,0,28,55,58,21,1038,N/A,0.82,9.23,1.085,1.243,61.000,6.564
0,0,24,55,58,16,1038,N/A,0.34,9.24,1.085,1.243,61.000,6.564
0,0,36,55,57,20,1038,N/A,0.00,9.24,1.085,1.243,61.000,6.564
0,0,24,55,57,15,1038,N/A,0.67,9.23,1.085,1.243,61.000,6.564
0,0,22,55,58,18,1038,N/A,0.71,9.24,1.085,1.243,61.000,6.564
0,0,22,55,57,14,1038,N/A,0.52,9.23,1.085,1.243,61.000,6.564
2,22,192,55,58,28,1038,N/A,0.16,9.23,1.085,1.243,61.000,6.564
1,11,372,55,58,31,1038,N/A,0.34,9.24,1.085,1.243,61.000,6.564
